1;Economic Risks#Eco 1;1;0;0;0;0;0;0;0;0;0;0.1;0.1;0;0;0;0;0;0;0;0;0;0;0;0;0;0;0;0;0;0;0;0;0;0;0;0;0;0;0;0;0;0;0;0;0;0;0;0;0;0;0;0.2;0.4;0.2;0.3;0;0.3;0.4;0.2;0.1;0.2;0.3;0.1;0.2;0;0;0;0;0;0;0;0;0;0;0;0;0;0;0;0;0
2;Economic Risks#Eco 2;0;1;0;0;0;0;0;0;0;0;0.2;0.1;0;0;0;0;0;0;0;0;0;0;0;0;0;0;0;0;0;0;0;0;0;0;0;0;0;0;0;0;0;0;0.1;0;0;0;0;0;0;0;0;0.2;0.2;0.2;0.1;0;0.3;0.2;0.3;0.2;0.1;0.2;0.3;0.3;0;0;0;0;0;0;0;0;0;0;0;0;0;0;0;0;0
3;Economic Risks#Eco 3;0;0;1;0;0;0;0;0;0;0;-0.2;0.3;0;0;0;0;0;0;0;0;0;0;0;0;0;0;0;0;0;0;0;0;0;0;0;0;0;0;0;0;0.058467284;0;0.4;0;0;0;0;0;0;0;0;0;0;0;0;0;0;0;0;0;0;0;0;0;0;0;0;0;0;0;0;0;0;0;0;0;0;0;0;0;0
4;Economic Risks#Eco 4;0;0;0;1;0;0;0;0;0;0;-0.2;0.2;0;0;0;0;0;0;0;0;0;0;0;0;0;0;0;0;0;0;0;0;0;0;0;0;0;0;0;0;0;0;0.1;0;0;0;0;0;0;0;0;0;0;0;0;0;0;0;0;0;0;0;0;0;0;0;0;0;0;0;0;0;0;0;0;0;0;0;0;0;0
5;Economic Risks#Eco 5;0;0;0;0;1;0;0;0;0;0;-0.2;0.2;0;0;0;0;0;0;0;0;0;0;0;0;0;0;0;0;0;0;0;0;0;0;0;0;0;0;0;0;0;0;0;0;0;0;0;0;0;0;0;0;0;0;0;0;0;0;0;0;0;0;0;0;0;0;0;0;0;0;0;0;0;0;0;0;0;0;0;0;0
6;Economic Risks#Eco 6;0;0;0;0;0;1;0.8;0.3;0.5;0;0.2;0.2;0.3;0.3;0;0.4;0;0;0;0;0;0;0;0;0;0;0;0;0;0;0;0;0;0;0;0;0.2;0.2;0;0;0.041124362;0.3;0.2;0;0;0;0;0;0;0;0;0;0;0;0;0;0;0;0;0;0;0;0;0;0;0;0;0;0;0;0;0;0;0;0;0;0;0;0;0;0
7;Economic Risks#Eco 7;0;0;0;0;0;0.8;1;0.3;0.5;0;0.2;0.2;0.3;0.3;0;0;0;0;0;0;0;0;0;0;0;0;0;0;0;0;0;0;0;0;0;0;0;0;0;0;0;0;0;0;0;0;0;0;0;0;0;0;0;0;0;0;0;0;0;0;0;0;0;0;0;0;0;0;0;0;0;0;0;0;0;0;0;0;0;0;0
8;Economic Risks#Eco 8;0;0;0;0;0;0.3;0.1;1;0.5;0.4;0.5;0;0;0.1;0;0;0;0;0;0;0;0;0;0;0;0;0;0;0;0;0;0;0;0;0;0;0;0;0;0;0;0;0;0;0;0;0;0;0;0;0;0;0;0;0;0;0;0;0;0;0;0;0;0;0;0;0;0;0;0;0;0;0;0;0;0;0;0;0;0;0
9;Economic Risks#Eco 9;0;0;0;0;0;0.1;0.5;0;1;0;0.2;0;0;0.194149944;0;0;0;0;0;0;0;0;0;0;0;0;0;0;0;0;0;0;0;0;0;0;0.135342726;0.247744821;0;0;0.153895346;0.250550711;0.04069203;0;0;0;0;0;0;0;0;0;0;0;0;0;0;0;0;0;0;0;0;0;0;0;0;0;0;0;0;0;0;0;0;0;0;0;0;0;0
10;Economic Risks#Eco 10;0;0;0;0;0;0.129117928;0.129117928;0.5;0.1;1;0.54681006;0.074263157;0;0;0;0;0;0;0;0;0;0;0;0;0;0;0;0;0;0;0;0;0;0;0;0;-0.245716433;0.058167321;0;0;0.379617053;0.070775192;0.101229985;0;0;0;0;0;0;0;0;0;0;0;0;0;0;0;0;0;0;0;0;0;0;0;0;0;0;0;0;0;0;0;0;0;0;0;0;0;0
11;Economic Risks#Eco 11;0;0;-0.2;-0.2;-0.2;0;0;0.8;0.277849309;0.54681006;1;0.2;0.3;0.2;0;0;0;0;0;0;0;0;0;0;0;0;0;0;0;0;0;0;0;0;0;0;0.1;0;0;0;0.072808965;0.4;0.3;0;0;0;0;0;0;0;0;0;0;0;0;0;0;0;0;0;0;0;0;0;0;0;0;0;0;0;0;0;0;0;0;0;0;0;0;0;0
12;Economic Risks#Eco 12;0;0;0;0;0;0;0;0;0;0;0;1;0;0.3;0;0;0;0;0;0;0;0;0;0;0;0;0;0;0;0;0;0;0;0;0;0;0.3;0;0;0;-0.113417059;0.1;0.2;0;0;0;0;0;0;0;0;0;0;0;0;0;0;0;0;0;0;0;0;0;0;0;0;0;0;0;0;0;0;0;0;0;0;0;0;0;0
13;Economic Risks#Eco 13;0;0;0;0;0;0.3;0;0;0;0;0.4;0;1;0.3;0;0;0;0;0;0;0;0;0;0;0;0;0;0;0;0;0;0;0;0;0;0;0.1;0.3;0;0;0.03701892;0.3;0.1;0;0;0;0;0;0;0;0;0;0;0;0;0;0;0;0;0;0;0;0;0;0;0;0;0;0;0;0;0;0;0;0;0;0.3;0.2;0.281181582;0.23946019;0.222433995
14;Economic Risks#Eco 14;0;0;0;0;0;0;0;0;0;0;0;0;0;1;0;0;0;0;0;0;0;0;0;0;0;0;0;0;0;0;0;0;0;0;0;0;0.1;0.2;0;0;-0.197402019;0.3;0.2;0;0;0;0;0;0;0;0;0;0;0;0;0;0;0;0;0;0;0;0;0;0;0;0;0;0;0;0;0;0;0;0;0;0;0;0;0;0
15;Business Risks#Bus 1;0;0;0;0;0;0;0;0;0;0;0;0;0;0;1;0.3;0.3;0.1;0.3;0.733879558;0.627047048;0.2;0.572679539;0.3;0.2;0.2;0.4;0.421848384;0.3;0.3;0.2;0.3;0.4;0.2;0.3;0.1;0.1;0.4;0.4;0.4;0.016371908;0.1;0.2;0.1;0.3;0.1;0.1;0;0.3;0.1;0.205920387;0;0;0.3;0;0;0;0;0;0;0;0;0;0;0;0;0;0;0;0;0;0;0;0;0;0;0;0;0;0;0
16;Business Risks#Bus 2;0;0;0;0;0;0;0;0;0;0;0;0;0;0;0.3;1;0.3;0.2;0.2;0.614491629;0.627133674;0.3;0.504928231;0.4;0.4;0.3;0.3;0.407713999;0.2;0.4;0.3;0.1;0.3;0.3;0.1;0.2;0.3;0.2;0.3;0.1;0.024868488;0.3;0.1;0.3;0.1;0.2;0;0;0.1;0.3;0.077216531;0;0;0.1;0;0;0;0;0;0;0;0;0;0;0;0;0;0;0;0;0;0;0;0;0;0;0;0;0;0;0
17;Business Risks#Bus 3;0;0;0;0;0;0;0;0;0;0;0;0;0;0;0.1;0.3;1;0.3;0.2;0.43897843;0.343513414;0.3;0.530080479;0.1;0.1;0.1;0.2;0.593683016;0.1;0.1;0.4;0.1;0.1;0.4;0.3;0.4;0.3;0.3;0.2;0.4;-0.156165391;0.2;0.1;0.2;0.3;0.2;0;0;0.1;0.1;0.082245908;0;0;0.3;0;0;0;0;0;0;0;0;0;0;0;0;0;0;0;0;0;0;0;0;0;0;0;0;0;0;0
18;Business Risks#Bus 4;0;0;0;0;0;0;0;0;0;0;0;0;0;0;0.1;0.1;0.1;1;0.3;0.766259908;0.689447094;0.3;0.763610979;0.2;0.1;0.2;0.1;0.652265249;0.2;0.2;0.1;0.1;0.1;0.1;0.2;0.4;0.4;0.3;0.1;0.1;-0.047692915;0.3;0.1;0.3;0.1;0.3;0;0;0.1;0.1;0.167707885;0;0;0.1;0;0;0;0;0;0;0;0;0;0;0;0;0;0;0;0;0;0;0;0;0;0;0;0;0;0;0
19;Business Risks#Bus 5;0;0;0;0;0;0;0;0;0;0;0;0;0;0;0.4;0.2;0.2;0.1;1;0.703870295;0.802404958;0.1;0.58661205;0.1;0.2;0.2;0.4;0.55208519;0.3;0.1;0.1;0.1;0.1;0.1;0.2;0.2;0.2;0.1;0.4;0.4;-0.067692078;0.2;0.4;0.2;0.1;0.3;0;0;0.1;0.1;0.161801513;0;0;0.1;0;0;0;0;0;0;0;0;0;0;0;0;0;0;0;0;0;0;0;0;0;0;0;0;0;0;0
20;Business Risks#Bus 6;0;0;0;0;0;0;0;0;0;0;0;0;0;0;0.733879558;0.614491629;0.43897843;0.766259908;0.703870295;1;0.842679523;0.606548706;0.738441089;0.753215231;0.320869775;0.436012416;0.319671305;0.717240988;0.770294633;0.631150477;0.309661626;0.787901446;0.852413711;0.771941007;0.753955488;0.636259693;-0.060179829;0.744158165;0.620852234;0.61062628;-0.144381336;0.743748447;0.135179717;0.415207047;0.559865281;0.147363465;0;0;0.406087058;0.337050218;0.166954478;0;0;0.662394558;0;0;0;0;0;0;0;0;0;0;0;0;0;0;0;0;0;0;0;0;0;0;0;0;0;0;0
21;Business Risks#Bus 7;0;0;0;0;0;0;0;0;0;0;0;0;0;0;0.627047048;0.627133674;0.343513414;0.689447094;0.802404958;0.842679523;1;0.547543702;0.597262349;0.599070076;0.234510656;0.397806401;0.237365372;0.585527333;0.769433213;0.539437603;0.2927079;0.816276164;0.8580155;0.751605166;0.698255582;0.701013034;0.01927733;0.746853273;0.560145801;0.655607417;-0.122148646;0.729600341;0.107474461;0.365092226;0.478528277;0.098736612;0;0;0.337783877;0.223627137;0.120408963;0;0;0.578099268;0;0;0;0;0;0;0;0;0;0;0;0;0;0;0;0;0;0;0;0;0;0;0;0;0;0;0
22;Business Risks#Bus 8;0;0;0;0;0;0;0;0;0;0;0;0;0;0;0.1;0.1;0.1;0.4;0.1;0.606548706;0.547543702;1;0.538381458;0.3;0.2;0.2;0.2;0.680991986;0.2;0.3;0.1;0.2;0.1;0.1;0.4;0.1;0.3;0.3;0.2;0.1;-0.159882318;0.1;0.1;0.1;0.3;0.3;0;0;0.2;0.2;0.038412285;0;0;0.4;0;0;0;0;0;0;0;0;0;0;0;0;0;0;0;0;0;0;0;0;0;0;0;0;0;0;0
23;Business Risks#Bus 9;0;0;0;0;0;0;0;0;0;0;0;0;0;0;0.572679539;0.504928231;0.530080479;0.763610979;0.58661205;0.738441089;0.597262349;0.538381458;1;0.981128071;0.346817082;0.444166116;0.29046824;0.847284406;0.680683967;0.793219854;0.354945267;0.624632746;0.726170877;0.69444552;0.605948519;0.390277824;-0.009166265;0.712039829;0.685041803;0.615429895;-0.163330217;0.728910343;0.17055512;0.447772124;0.525361106;0.26043394;0.1;0;0.448803137;0.374453648;0.189488186;0;0;0.684570128;0;0;0;0;0;0;0;0;0;0;0;0;0;0;0;0;0;0;0;0;0;0;0;0;0;0;0
24;Business Risks#Bus 10;0;0;0;0;0;0;0;0;0;0;0;0;0;0;0.2;0.3;0.2;0.2;0.4;0.753215231;0.599070076;0.3;0.981128071;1;0.4;0.4;0.2;0.842034385;0.2;1;0.2;0.4;0.4;0.2;0.2;0.3;0.3;0.1;0.2;0.3;-0.146878553;0.2;0.1;0.2;0.1;0.4;0;0;0.4;0.4;0.194734337;0;0;0.1;0;0;0;0;0;0;0;0;0;0;0;0;0;0;0;0;0;0;0;0;0;0;0;0;0;0;0
25;Business Risks#Bus 11;0;0;0;0;0;0;0;0;0;0;0;0;0;0;0.2;0.2;0.3;0.1;0.3;0.320869775;0.234510656;0.2;0.346817082;0.3;1;0.2;0.4;0.391041383;0.3;0.3;0.1;0.2;0.3;0.1;0.1;0.3;0.1;0.3;0.4;0.1;-0.245592931;0.4;0.3;0.4;0.4;0.2;0;0;0.2;0.1;0.109354966;0;0;0.1;0;0;0;0;0;0;0;0;0;0;0;0;0;0;0;0;0;0;0;0;0;0;0;0;0;0;0
26;Business Risks#Bus 12;0;0;0;0;0;0;0;0;0;0;0;0;0;0;0.1;0.1;0.3;0.2;0.1;0.436012416;0.397806401;0.1;0.444166116;0.1;0.1;1;0.1;0.519132572;0.2;0.1;0.3;0.2;0.2;0.3;0.4;0.4;0.4;0.3;0.1;0.3;-0.129440865;0.4;0.3;0.4;0.4;0.3;0;0;0.2;0.2;0.127148204;0;0;0.2;0;0;0;0;0;0;0;0;0;0;0;0;0;0;0;0;0;0;0;0;0;0;0;0;0;0;0
27;Business Risks#Bus 13;0;0;0;0;0;0;0;0;0;0;0;0;0;0;0.1;0.2;0.4;0.3;0.3;0.319671305;0.237365372;0.4;0.29046824;0.3;0.1;0.4;1;0.333752439;0.1;0.3;0.4;0.1;0.3;0.4;0.2;0.3;0.2;0.1;1;0.2;-0.227500938;0.2;0.3;0.2;0.4;0.3;0;0;0.1;0.3;0.092730298;0;0;0.3;0;0;0;0;0;0;0;0;0;0;0;0;0;0;0;0;0;0;0;0;0;0;0;0;0;0;0
28;Business Risks#Bus 14;0;0;0;0;0;0;0;0;0;0;0;0;0;0;0.421848384;0.407713999;0.593683016;0.652265249;0.55208519;0.717240988;0.585527333;0.680991986;0.847284406;0.842034385;0.391041383;0.519132572;0.333752439;1;0.704152585;0.857134907;0.368697978;0.529051007;0.717916817;0.654165493;0.555352261;0.333431048;-0.026687424;0.682761643;0.766439731;0.608518299;-0.202896494;0.694918191;0.158515549;0.513543208;0.645234118;0.288717203;0;0;0.456624275;0.418881212;0.059418075;0;0;0.786600299;0;0;0;0;0;0;0;0;0;0;0;0;0;0;0;0;0;0;0;0;0;0;0;0;0;0;0
29;Business Risks#Bus 15;0;0;0;0;0;0;0;0;0;0;0;0;0;0;0.2;0.3;0.2;0.3;0.2;0.770294633;0.769433213;0.1;0.680683967;0.2;0.1;0.3;0.4;0.704152585;1;0.2;0.4;0.4;0.1;0.4;0.3;0.3;0.3;0.3;0.4;0.3;-0.081834072;0.3;0.1;0.3;0.1;0.2;0;0;0.4;0.1;0.149116838;0;0;0.1;0;0;0;0;0;0;0;0;0;0;0;0;0;0;0;0;0;0;0;0;0;0;0;0;0;0;0
30;Business Risks#Bus 16;0;0;0;0;0;0;0;0;0;0;0;0;0;0;0.2;0.3;0.2;0.2;0.4;0.631150477;0.539437603;0.3;0.793219854;1;0.4;0.4;0.2;0.857134907;0.2;1;0.2;0.4;0.4;0.2;0.2;0.3;0.3;0.1;0.2;0.3;-0.127735525;0.2;0.1;0.2;0.1;0.4;0;0;0.4;0.4;0.130473189;0;0;0.1;0;0;0;0;0;0;0;0;0;0;0;0;0;0;0;0;0;0;0;0;0;0;0;0;0;0;0
31;Business Risks#Bus 17;0;0;0;0;0;0;0;0;0;0;0;0;0;0;0.1;0.1;0.2;0.2;0.4;0.309661626;0.2927079;0.1;0.354945267;0.2;0.2;0.3;0.3;0.368697978;0.3;0.2;1;0.3;0.3;1;0.2;0.4;0.2;0.2;0.3;0.1;-0.037045341;0.4;0.2;0.4;0.1;0.3;0;0;0.3;0.1;0.045636411;0;0;0.2;0;0;0;0;0;0;0;0;0;0;0;0;0;0;0;0;0;0;0;0;0;0;0;0;0;0;0
32;Business Risks#Bus 18;0;0;0;0;0;0;0;0;0;0;0;0;0;0;0.3;0.2;0.1;0.2;0.4;0.787901446;0.816276164;0.3;0.624632746;0.3;0.1;0.3;0.3;0.529051007;0.2;0.3;0.1;1;0.4;0.1;0.3;0.3;0.1;0.3;0.3;0.3;-0.06013358;0.2;0.4;0.2;0.2;0.2;0;0;1;0.2;0.258916939;0;0;0.1;0;0;0;0;0;0;0;0;0;0;0;0;0;0;0;0;0;0;0;0;0;0;0;0;0;0;0
33;Business Risks#Bus 19;0;0;0;0;0;0;0;0;0;0;0;0;0;0;0.3;0.2;0.1;0.3;0.2;0.852413711;0.8580155;0.3;0.726170877;0.3;0.3;0.2;0.3;0.717916817;0.2;0.3;0.1;0.2;1;0.1;0.3;0.4;0.2;0.3;0.3;0.2;-0.097988501;0.2;0.4;0.2;0.3;0.2;0;0;0.2;0.2;0.132611193;0;0;0.4;0;0;0;0;0;0;0;0;0;0;0;0;0;0;0;0;0;0;0;0;0;0;0;0;0;0;0
34;Business Risks#Bus 20;0;0;0;0;0;0;0;0;0;0;0;0;0;0;0.1;0.1;0.2;0.2;0.4;0.771941007;0.751605166;0.1;0.69444552;0.2;0.2;0.3;0.3;0.654165493;0.3;0.2;1;0.3;0.3;1;0.2;0.4;0.2;0.2;0.3;0.1;-0.127257458;0.4;0.2;0.4;0.1;0.3;0;0;0.3;0.1;0.20330852;0;0;0.2;0;0;0;0;0;0;0;0;0;0;0;0;0;0;0;0;0;0;0;0;0;0;0;0;0;0;0
35;Business Risks#Bus 21;0;0;0;0;0;0;0;0;0;0;0;0;0;0;0.3;0.4;0.2;0.3;0.2;0.753955488;0.698255582;0.3;0.605948519;0.1;0.2;0.4;0.3;0.555352261;0.2;0.1;0.3;0.1;0.3;0.3;1;0.1;0.1;0.1;0.3;0.3;-0.171773428;0.2;0.4;0.2;0.1;0.2;0;0;0.1;0.3;0.092425533;0;0;0.3;0;0;0;0;0;0;0;0;0;0;0;0;0;0;0;0;0;0;0;0;0;0;0;0;0;0;0
36;Business Risks#Bus 22;0;0;0;0;0;0;0;0;0;0;0;0;0;0;0.1;0.4;0.4;0.3;0.2;0.636259693;0.701013034;0.1;0.390277824;0.1;0.2;0.4;0.3;0.333431048;0.2;0.1;0.4;0.2;0.2;0.4;0.1;1;0.2;0.4;0.3;0.4;-0.075358872;0.3;0.2;0.3;0.3;0.3;0;0;0.2;0.3;0.147786502;0;0;0.4;0;0;0;0;0;0;0;0;0;0;0;0;0;0;0;0;0;0;0;0;0;0;0;0;0;0;0
37;Business Risks#Bus 23;0;0;0;0;0;0;0;0;0;0;0;0;0;0;0.2;0.2;0.1;0.3;0.2;-0.060179829;0.01927733;0.2;-0.009166265;0.4;0.1;0.1;0.3;-0.026687424;0.3;0.4;0.3;0.3;0.3;0.3;0.3;0.3;1;0.4;0.3;0.1;0.246433776;0.1;0.2;0.1;0.2;0.1;0;0;0.3;0.2;0.042195657;0;0;0.1;0;0;0;0;0;0;0;0;0;0;0;0;0;0;0;0;0;0;0;0;0;0;0;0;0;0;0
38;Business Risks#Bus 24;0;0;0;0;0;0;0;0;0;0;0;0;0;0;0.2;0.1;0.1;0.4;0.1;0.744158165;0.746853273;0.1;0.712039829;0.2;0.1;0.1;0.3;0.682761643;0.2;0.2;0.3;0.3;0.3;0.3;0.3;0.1;0.2;1;0.3;0.1;-0.141390421;0.2;0.2;0.2;0.3;0.1;0;0;0.3;0.4;0.129234364;0;0;0.2;0;0;0;0;0;0;0;0;0;0;0;0;0;0;0;0;0;0;0;0;0;0;0;0;0;0;0
39;Business Risks#Bus 25;0;0;0;0;0;0;0;0;0;0;0;0;0;0;0.1;0.2;0.4;0.3;0.3;0.620852234;0.560145801;0.4;0.685041803;0.3;0.1;0.4;1;0.766439731;0.1;0.3;0.4;0.1;0.3;0.4;0.2;0.3;0.2;0.1;1;0.2;-0.114357949;0.2;0.3;0.2;0.4;0.3;0;0;0.1;0.3;0.10846533;0;0;0.3;0;0;0;0;0;0;0;0;0;0;0;0;0;0;0;0;0;0;0;0;0;0;0;0;0;0;0
40;Business Risks#Bus 26;0;0;0;0;0;0;0;0;0;0;0;0;0;0;0.3;0.2;0.3;0.2;0.1;0.61062628;0.655607417;0.2;0.615429895;0.4;0.4;0.3;0.1;0.608518299;0.3;0.4;0.2;0.1;0.1;0.2;0.1;0.4;0.3;0.3;0.1;1;-0.073885346;0.2;0.3;0.2;0.4;0.4;0;0;0.1;0.2;0.144961257;0;0;0.1;0;0;0;0;0;0;0;0;0;0;0;0;0;0;0;0;0;0;0;0;0;0;0;0;0;0;0
41;Business Risks#Bus 27;0;0;0;0;0;0;0;0;0;0;0;0;0;0;0.016371908;0.024868488;-0.156165391;-0.047692915;-0.067692078;-0.144381336;-0.122148646;-0.159882318;-0.163330217;-0.146878553;-0.245592931;-0.129440865;-0.227500938;-0.202896494;-0.081834072;-0.127735525;-0.037045341;-0.06013358;-0.097988501;-0.127257458;-0.171773428;-0.075358872;0.246433776;-0.141390421;-0.114357949;-0.073885346;1;-0.170375994;-0.089762848;-0.189271253;-0.153592485;0.027788262;0;0;-0.116031442;-0.170999285;9.33E-05;0;0;-0.207883624;0;0;0;0;0;0;0;0;0;0;0;0;0;0;0;0;0;0;0;0;0;0;0;0;0;0;0
42;Business Risks#Bus 28;0;0;0;0;0;0;0;0;0;0;0;0;0;0;0.3;0.4;0.1;0.2;0.1;0.743748447;0.729600341;0.4;0.728910343;0.3;0.1;0.1;0.3;0.694918191;0.1;0.3;0.4;0.3;0.1;0.4;0.2;0.3;0.2;0.3;0.3;0.2;-0.170375994;1;0.2;1;0.2;0.3;0;0;0.3;0.3;0.140376791;0;0;0.3;0;0;0;0;0;0;0;0;0;0;0;0;0;0;0;0;0;0;0;0;0;0;0;0;0;0;0
43;Business Risks#Bus 29;0;0;0;0;0;0;0;0;0;0;0;0;0;0;0.3;0.1;0.3;0.1;0.3;0.135179717;0.107474461;0.3;0.17055512;0.2;0.2;0.3;0.1;0.158515549;0.3;0.2;0.3;0.1;0.3;0.3;0.2;0.3;0.1;0.2;0.1;0.1;-0.089762848;0.2;1;0.2;0.2;0.2;0;0;0.1;0.3;0.014299326;0;0;0.2;0;0;0;0;0;0;0;0;0;0;0;0;0;0;0;0;0;0;0;0;0;0;0;0;0;0;0
44;Business Risks#Bus 30;0;0;0;0;0;0;0;0;0;0;0;0;0;0;0.3;0.4;0.1;0.2;0.1;0.415207047;0.365092226;0.4;0.447772124;0.3;0.1;0.1;0.3;0.513543208;0.1;0.3;0.4;0.3;0.1;0.4;0.2;0.3;0.2;0.3;0.3;0.2;-0.189271253;1;0.2;1;0.2;0.3;0;0;0.3;0.3;-0.028523037;0;0;0.3;0;0;0;0;0;0;0;0;0;0;0;0;0;0;0;0;0;0;0;0;0;0;0;0;0;0;0
45;Business Risks#Bus 31;0;0;0;0;0;0;0;0;0;0;0;0;0;0;0.1;0.1;0.2;0.4;0.2;0.559865281;0.478528277;0.3;0.525361106;0.4;0.1;0.3;0.4;0.645234118;0.3;0.4;0.1;0.4;0.1;0.1;0.2;0.4;0.3;0.2;0.4;0.4;-0.153592485;0.3;0.4;0.3;1;0.3;0;0;0.4;0.3;-0.02870184;0;0;0.1;0;0;0;0;0;0;0;0;0;0;0;0;0;0;0;0;0;0;0;0;0;0;0;0;0;0;0
46;Business Risks#Bus 32;0;0;0;0;0;0;0;0;0;0;0;0;0;0;0.2;0.1;0.2;0.3;0.3;0.147363465;0.098736612;0.4;0.26043394;0.3;0.4;0.4;0.1;0.288717203;0.1;0.3;0.3;0.2;0.3;0.3;0.3;0.1;0.2;0.2;0.1;0.1;0.027788262;0.3;0.4;0.3;0.4;1;0.1;0;0.2;0.2;0.027942139;0;0;0.1;0;0;0;0;0;0;0;0;0;0;0;0;0;0;0;0;0;0;0;0;0;0;0;0;0;0;0
47;Business Risks#Bus 33;0;0;0;0;0;0;0;0;0;0;0;0;0;0;0.3;0.3;0.2;0.4;0.3;0.163140013;0.152262658;0.4;0.220424736;0.3;0.2;0.4;0.3;0.119122452;0.4;0.3;0.4;0.2;0.3;0.4;0.2;0.2;0.1;0.1;0.3;0.3;-0.028881671;0.2;0.1;0.2;0.1;0.2;1;0;0.2;0.2;0.77607355;0;0;0.1;0;0;0;0;0;0;0;0;0;0;0;0;0;0;0;0;0;0;0;0;0;0;0;0;0;0;0
48;Business Risks#Bus 34;0;0;0;0;0;0;0;0;0;0;0;0;0;0;0;0;0;0;0;0;0;0;0;0;0;0;0;0;0;0;0;0;0;0;0;0;0;0;0;0;0;0;0;0;0;0.8;0.8;1;0.2;0;0.1;0;0;0;0;0;0;0;0;0;0;0;0;0;0;0;0;0;0;0;0;0;0;0;0;0;0;0;0;0;0
49;Business Risks#Bus 35;0;0;0;0;0;0;0;0;0;0;0;0;0;0;0.3;0.2;0.1;0.2;0.4;0.406087058;0.337783877;0.3;0.448803137;0.3;0.1;0.3;0.3;0.456624275;0.2;0.3;0.1;1;0.4;0.1;0.3;0.3;0.1;0.3;0.3;0.3;-0.116031442;0.2;0.4;0.2;0.2;0.2;0.5;0.5;1;0.2;0.100937314;0;0;0.1;0;0;0;0;0;0;0;0;0;0;0;0;0;0;0;0;0;0;0;0;0;0;0;0;0;0;0
50;Business Risks#Bus 36;0;0;0;0;0;0;0;0;0;0;0;0;0;0;0.3;0.1;0.3;0.4;0.3;0.337050218;0.223627137;0.2;0.374453648;0.3;0.2;0.1;0.1;0.418881212;0.2;0.3;0.4;0.3;0.1;0.4;0.3;0.4;0.3;0.2;0.1;0.4;-0.170999285;0.4;0.3;0.4;0.2;0.4;0;0;0.3;1;0.033420072;0;0;0.2;0;0;0;0;0;0;0;0;0;0;0;0;0;0;0;0;0;0;0;0;0;0;0;0;0;0;0
51;Business Risks#Bus 37;0;0;0;0;0;0;0;0;0;0;0;0;0;0;0.205920387;0.077216531;0.082245908;0.167707885;0.161801513;0.166954478;0.120408963;0.038412285;0.189488186;0.194734337;0.109354966;0.127148204;0.092730298;0.059418075;0.149116838;0.130473189;0.045636411;0.258916939;0.132611193;0.20330852;0.092425533;0.147786502;0.042195657;0.129234364;0.10846533;0.144961257;9.33E-05;0.140376791;0.014299326;-0.028523037;-0.02870184;0.027942139;0.77607355;0;0.100937314;0.033420072;1;0;0;0.137825135;0;0;0;0;0;0;0;0;0;0;0;0;0;0;0;0;0;0;0;0;0;0;0;0;0;0;0
52;Political Risks#Pol 1;0;0;0;0;0;0;0;0;0;0;0;0;0;0;0.1;0.2;0.4;0.2;0.2;0;0.413781379;0.4;0.47430499;0.2;0.2;0.4;0.2;0.464557655;0.3;0.2;0.1;0.3;0.1;0.1;0.1;0.4;0.2;0.4;0.2;0.3;0;0.3;0.1;0.3;0.2;0.1;0.3;0.3;0.3;0.2;0.05;1;0;0.3;0;0;0;0.6;0.2;0.2;0.4;0.3;0.1;0.2;0;0;0;0;0;0;0;0;0;0;0;0;0;0;0;0;0
53;Political Risks#Pol 2;0;0;0;0;0;0;0;0;0;0;0;0;0;0;0.3;0.4;0.4;0.1;0.1;0;0.742630452;0.1;0.650498832;0.2;0.4;0.2;0.1;0.602669175;0.3;0.2;0.3;0.1;0.3;0.3;0.1;0.3;0.3;0.2;0.1;0.2;0;0.4;0.3;0.4;0.3;0.2;0.2;0.2;0.1;0.2;0;0.3;1;0.3;0;0;0;1;0.2;0.2;0.3;0.3;0.3;0.2;0;0;0;0;0;0;0;0;0;0;0;0;0;0;0;0;0
54;Political Risks#Pol 3;0;0;0;0;0;0;0;0;0;0;0;0;0;0;0.3;0.4;0.2;0.1;0.2;0;0.578099268;0.1;0.684570128;0.2;0.3;0.1;0.1;0.786600299;0.4;0.2;0.3;0.4;0.2;0.3;0.3;0.2;0.2;0.1;0.1;0.3;0;0.3;0.2;0.3;0.1;0.1;0.1;0.1;0.4;0.2;0;0;0;1;0;0;0;0;0.2;0.1;0.3;0.1;0.1;0;0;0;0;0;0;0;0;0;0;0;0;0;0.2;0.1;0.744255159;0.645665406;0.700565621
55;Political Risks#Pol 4;0;0;0;0;0;0;0;0;0;0;0;0;0;0;0;0.1;0.3;0.2;0.2;0;0.259141347;0.2;0.126202799;0.3;0.1;0.2;0.2;0.142466951;0.1;0.3;0.4;0.4;0.4;0.4;0.2;0.2;0.2;0.4;0.2;0.2;0;0.2;0.1;0.2;0.2;0.2;0.3;0.3;0.4;0.1;0;0.4;0.7;0.1;1;0.3;0.6;0.7;0.3;0.1;0.3;0.3;0.2;0.3;0;0;0;0;0;0;0;0;0;0;0;0;0.6;0.3;0.194057459;0.2544222;0.204814765
56;Political Risks#Pol 5;0;0;0;0;0;0;0;0;0;0;0;0;0;0;0.4;0.3;0.2;0.2;0.4;0.514612392;0.444143922;0.1;0.47337332;0.1;0.3;0.1;0.2;0.544654314;0.1;0.1;0.3;0.2;0.3;0.3;0.1;0.4;0.1;0.1;0.2;0.3;0;0.2;0.3;0.2;0.3;0.3;0.3;0.3;0.2;0.1;0.5;0.4;0.8;0.3;0.2;1;0.3;0.8;0.1;0.2;0.2;0.4;0.1;0.1;0;0.390092858;0.1445464;0.4;0.4;0.1;0.2;0.598439476;0;0;0;0;0.6;0.3;0.49083376;0.507884609;0.500920533
57;Political Risks#Pol 6;0;0;0;0;0;0.4;0;0;0.269784691;0;0;0.2;0.4;0.2;0.1;0.3;0.2;0.4;0.2;0;0.566445634;0.3;0.611463994;0.4;0.3;0.1;0.3;0.716808777;0.1;0.4;0.3;0.4;0.4;0.3;0.2;0.4;0.2;0.3;0.3;0.4;0;0.2;0.1;0.2;0.4;0.2;0.1;0.1;0.4;0.4;0.5;0.8;0.3;0.2;0.4;0.8;1;0.3;0.3;0.3;0.2;0.4;0.2;0.3;0;0.471558048;0.205070996;0.4;0.2;0.1;0.3;0.78632106;0;0;0;0;0.5;0.2;0.718509649;0.748541763;0.715136434
58;Political Risks#Pol 7;0;0;0;0;0;0;0;0;0;0;0;0;0;0;0.3;0.4;0.4;0.1;0.1;0;0.493418856;0.1;0.499446061;0.2;0.4;0.2;0.1;0.627278246;0.3;0.2;0.3;0.1;0.3;0.3;0.1;0.3;0.3;0.2;0.1;0.2;0;0.4;0.3;0.4;0.3;0.2;0.2;0.2;0.1;0.2;0;0;0;0.3;0;0;0;1;0.2;0.2;0.3;0.3;0.3;0;0;0;0;0;0;0;0;0;0;0;0;0;0;0;0;0;0
59;Political Risks#Pol 8;0;0;0;0;0;0;0;0;0.248107309;0;0;0.2;0.2;0.2;0.2;0.2;0.1;0.3;0.2;0;0.464421192;0.3;0.4438693;0.2;0.1;0.4;0.1;0.548078728;0.3;0.2;0.1;0.3;0.3;0.1;0.3;0.4;0.1;0.1;0.1;0.2;0;0.1;0.2;0.1;0.2;0.2;0.3;0.3;0.3;0.1;0.3;0;0;0;0;0;0;0;1;0;0.4;0.2;0;0;0;0.294246927;0.074886135;0.2;0.1;0.2;0.1;0.65872536;0;0;0;0;0.3;0.4;0.543063111;0.62157748;0.574585146
60;Political Risks#Pol 9;0;0;0;0;0;0;0;0;0;0;0;0;0;0;0.3;0.1;0.4;0.2;0.1;0;0.553373573;0.2;0.531165543;0.3;0.1;0.4;0.1;0.658455574;0.3;0.3;0.1;0.3;0.3;0.1;0.2;0.1;0.2;0.1;0.1;0.2;0;0.4;0.2;0.4;0.1;0.3;0.2;0.2;0.3;0.1;0;0;0;0;0;0;0;0;0.4;1;0.1;0.2;0;0;0;0;0;0;0;0;0;0;0;0;0;0;0.4;0.2;0.636846516;0.611896786;0.598271991
61;Political Risks#Pol 10;0;0;0;0;0;0;0;0;0;0;0;0;0;0;0.3;0.1;0.1;0.4;0.3;0;0.542886086;0.4;0.629915269;0.1;0.3;0.1;0.3;0.700508723;0.4;0.1;0.2;0.3;0.2;0.2;0.1;0.1;0.2;0.2;0.3;0.2;0;0.1;0.2;0.1;0.3;0.3;0.2;0.2;0.3;0.4;0;0;0;0;0;0;0;0;0;0;1;0;0;0;0;0;0;0;0;0;0;0;0;0;0;0;0;0;0;0;0
62;Political Risks#Pol 11;0;0;0;0;0;0;0;0;0;0;0;0;0;0;0;0;0;0;0;0;0;0;0;0;0;0;0;0;0;0;0;0;0;0;0;0;0.6;0.2;0.6;0.2;0.5;0.8;0.1;0;0;0.4;0;0.05;0.1;0.2;0;0;0;0;0;0;0;0;0;0;0.3;1;0;0;0;0;0;0;0;0;0;0;0;0;0;0;0;0;0;0;0
63;Political Risks#Pol 12;0;0;0;0;0;0;0;0;0;0;0;0;0;0;0;0;0;0;0;0;0.5;0.8;0;0;0;0;0;0;0;0;0;0;0;0;0;0;0.6;0.2;0.6;0.2;0.5;0.8;0.2;0;0;0.2;0.4;0.5;0.3;0;0;0;0;0;0;0;0;0;0.3;0.2;0.4;0.3;1;0;0;0;0;0;0;0;0;0;0;0;0;0;0;0;0;0;0
64;Political Risks#Pol 13;0;0;0;0;0;0;0;0;0;0;0;0;0;0;0;0;0;0;0;0;0;0;0;0;0;0;0;0;0;0;0;0;0;0;0;0;0;0;0;0;0;0;0;0;0;0;0;0.3;0.3;0.1;0;0;0;0.3;0;0;0;0.1;1;0.2;0.4;0.2;0.3;1;0;0;0;0;0;0;0;0;0;0;0;0;0;0;0;0;0
65;Political Risks#Pol 14;0;0;0;0;0;0;0;0;0;0;0;0;0;0;0;0;0;0;0;0;0;0;0;0;0;0;0;0;0;0;0;0;0;0;0;0;0;0;0;0;0;0;0;0;0;0;0;0;0;0;0;0;0;0;0;0;0;0;0;0;0;0;0;0;1;0;0;0;0;0;0;0;0;0;0;0;0;0;0;0;0
66;Political Risks#Pol 15;0;0;0;0;0;0;0;0;0;0;0;0;0;0;0;0;0;0;0;0;0;0;0;0;0;0;0;0;0;0;0;0;0;0;0;0;0;0;0;0;0;0;0;0;0;0;0.2;0.4;0.2;0;0;0.412616542;0.387170027;0.397004356;0.067540852;0;0;0;0;0;0;0;0;0;0;1;0.651201212;0;0;0;0;0;0;0;0;0;0;0;0;0;0
67;Political Risks#Pol 16;0;0;0;0;0;0;0;0;0;0;0;0;0;0;0;0;0;0;0;0;0;0;0;0;0;0;0;0;0;0;0;0;0;0;0;0;0;0;0;0;0;0;0;0;0;0;0.2;0.4;0.2;0;0;0.412616542;0.387170027;0.397004356;0.067540852;0;0;0;0;0;0;0;0;0;0;0;0;0;0;0;0;0;0;0;0;0;0;0;0;0;0
68;Social Risks#Soc 1;0;0;0;0;0;0;0;0;0;0;0;0;0;0;0;0;0;0;0;0;0;0;0;0;0;0;0;0;0;0;0;0;0;0;0;0;0;0;0;0;0;0;0;0;0;0;0;0;0;0;0;0;0;0;0;0;0;0;0;0;0;0;0;0;0;0;0;1;0.25;0.1;0;0.802290218;0;0;0;0;0;0;0;0;0
69;Social Risks#Soc 2;0;0;0;0;0;0;0;0;0;0;0;0;0;0;0;0;0;0;0;0;0;0;0;0;0;0;0;0;0;0;0;0;0;0;0;0;0;0;0;0;0;0;0;0;0;0;0;0;0;0;0;0;0;0;0;0;0;0;0;0;0;0;0;0;0;0;0;0.1;1;0.2;0;0.525357025;0;0;0;0;0;0;0;0;0
70;Social Risks#Soc 3;0;0;0;0;0;0;0;0;0;0;0;0;0;0;0;0;0;0;0;0;0;0;0;0;0;0;0;0;0;0;0;0;0;0;0;0;0;0;0;0;0;0;0;0;0;0;0;0;0;0;0;0;0;0;0;0;0;0;0;0;0;0;0;0;0;0;0;0.1;0.2;1;0;0.50807798;0;0;0;0;0;0;0;0;0
71;Social Risks#Soc 4;0;0;0;0;0;0;0;0;0;0;0;0;0;0;0;0;0;0;0;0;0;0;0;0;0;0;0;0;0;0;0;0;0;0;0;0;0;0;0;0;0;0;0;0;0;0;0;0;0;0;0;0;0;0;0;0;0;0;0;0;0;0;0;0;0;0;0;0.3;0;0;0;0;0;0;0;0;0;0;0;0;0
72;Social Risks#Soc 5;0;0;0;0;0;0;0;0;0;0;0;0;0;0;0;0;0;0;0;0;0;0;0;0;0;0;0;0;0;0;0;0;0;0;0;0;0;0;0;0;0;0;0;0;0;0;0;0;0;0;0;0;0;0;0;0;0;0;0;0;0;0;0;0;0;0;0;0.802290218;0.525357025;0.50807798;0;1;0;0;0;0;0;0;0;0;0
73;Environmental Risks#Env 1;0;0;0;0;0;0;0;0;0;0;0;0;0;0;0;0;0;0;0;0;0;0;0;0;0;0;0;0;0;0;0;0;0;0;0;0;0;0;0;0;0;0;0;0;0;0;0;0;0;0;0;0;0;0;0;0;0;0;0;0;0;0;0;0.2;0;0;0;0;0.4;0.1;0;0.229449552;1;0.8;0;0.2;0;0;0.254883635;0.2500454;0.246958541
74;Environmental Risks#Env 2;0;0;0;0;0;0;0;0;0;0;0;0;0;0;0;0;0;0;0;0;0;0;0;0;0;0;0;0;0;0;0;0;0;0;0;0;0;0;0;0;0;0;0;0;0;0;0;0;0;0;0;0;0;0;0;0;0;0;0;0;0;0;0;0.3;0;0;0;0;0.5;0.2;0;0.183938641;0;1;0;0;0;0;0.193589365;0.148644182;0.158815068
75;Environmental Risks#Env 3;0;0;0;0;0;0;0;0;0;0;0;0;0;0;0;0;0;0;0;0;0;0;0;0;0;0;0;0;0;0;0;0;0;0;0;0;0;0;0;0;0;0;0;0;0;0;0;0;0;0;0;0;0;0;0;0;0;0;0;0;0;0;0;0.3;0;0;0;0;0.2;0;0;0.183938641;0;0.1;1;0.3;0.2;0;0.254883635;0.323101313;0.235281909
76;Environmental Risks#Env 4;0;0;0;0;0;0;0;0;0;0;0;0;0;0;0;0;0;0;0;0;0;0;0;0;0;0;0;0;0;0;0;0;0;0;0;0;0;0;0;0;0;0;0;0;0;0;0;0;0;0;0;0;0;0;0;0;0;0;0;0;0;0;0;0.3;0;0;0;0;0.3;0;0;0.283550211;0.2;0;0;1;0.2;0;0.228405422;0.323101313;0.235281909
77;Technical Risks#Tec 1;0;0;0;0;0;0;0;0;0;0;0;0;0;0;0;0;0;0;0;0;0;0;0;0;0;0;0;0;0;0;0;0;0;0;0;0;0;0;0;0;0;0;0;0;0;0;0.1;0.1;0.1;0;0;0;0;0;0;0;0;0;0;0;0;0;0;0;0;0;0;0;0;0;0;0;0;0;0;0;1;0.1;0.677922812;0.84039994;0.72408376
78;Technical Risks#Tec 2;0;0;0;0;0;0;0;0;0;0;0;0;0;0;0;0;0;0;0;0;0;0;0;0;0;0;0;0;0;0;0;0;0;0;0;0;0;0;0;0;0;0;0;0;0;0;0.1;0.1;0.1;0;0;0;0;0;0;0;0;0;0;0;0;0;0;0;0;0;0;0;0;0;0;0;0;0;0;0;0.2;1;0.786499852;0.772002306;0.791600283
79;Technical Risks#Tec 3;0;0;0;0;0;0;0;0;0;0;0;0;0;0;0;0;0;0;0;0;0;0;0;0;0;0;0;0;0;0;0;0;0;0;0;0;0;0;0.1;0;0;0;0;0;0;0;0.1;0.1;0.1;0;0;0;0;0;0;0;0;0;0;0;0;0;0;0;0;0;0;0;0;0;0;0;0;0;0;0;0.677922812;0.786499852;1;0.622942472;0.677713352
80;Technical Risks#Tec 4;0;0;0;0;0;0;0;0;0;0;0;0;0;0;0;0;0;0;0;0;0;0;0;0;0;0;0;0;0;0;0;0;0;0;0;0;0;0;0;0;0;0;0;0;0;0;0.1;0.1;0.1;0;0;0;0;0;0;0;0;0;0;0;0;0;0;0;0;0;0;0;0;0;0;0;0;0;0;0;0.84039994;0.772002306;0.622942472;1;0.715415309
81;Technical Risks#Tec 5;0;0;0;0;0;0;0;0;0;0;0;0;0;0;0;0;0;0;0;0;0;0;0;0;0;0;0;0;0;0;0;0;0;0;0;0;0;0;0;0;0;0;0;0;0;0;0.1;0.1;0.1;0;0;0;0;0;0;0;0;0;0;0;0;0;0;0;0;0;0;0.671807269;0.499989616;0.408034269;0;0.799395985;0;0;0;0;0.72408376;0.791600283;0.677713352;0.715415309;1
